cohort	mPAP	FVC	DLCO	vasculopathy	vasc_A
calibrated	23.25	45.886	15.128	0	0.0
calibrated	21.1	52.186	26.004	1	0.346
calibrated	17.34	67.772	48.984	0	0.0
calibrated	35.38	44.157	12.049	1	3.668
calibrated	26.47	48.186	18.234	1	1.942
calibrated	29.22	57.137	27.849	1	3.564
calibrated	17.96	66.232	45.266	0	0.0
calibrated	24.35	45.419	16.373	1	0.712
calibrated	19.65	52.787	26.776	0	0.0
calibrated	20.74	67.616	42.434	1	1.183
calibrated	17.63	68.845	49.355	0	0.0
calibrated	30.17	45.782	12.184	1	1.543
calibrated	36.93	55.475	24.17	1	6.969
calibrated	17.42	67.262	48.349	0	0.0
calibrated	34.63	79.278	47.604	1	8.49
calibrated	19.4	67.148	48.659	1	0.569
calibrated	17.35	68.992	51.939	0	0.0
calibrated	18.22	56.376	33.849	0	0.0
calibrated	20.39	55.903	30.119	1	0.444
calibrated	22.96	46.112	16.366	0	0.0
calibrated	20.53	55.415	32.859	1	0.681
calibrated	20.51	60.587	37.118	1	0.844
calibrated	17.98	62.684	42.451	0	0.0
calibrated	17.99	57.594	35.761	0	0.0
calibrated	17.3	69.252	52.908	0	0.0
calibrated	22.41	62.426	37.537	1	1.414
calibrated	19.81	52.748	27.24	0	0.0
calibrated	21.8	52.444	27.192	1	0.736
calibrated	23.99	54.675	25.68	1	1.457
calibrated	22.33	50.556	22.132	1	0.248
calibrated	18.8	69.419	50.235	1	0.384
calibrated	19.58	54.241	28.617	0	0.0
calibrated	24.68	46.82	14.835	1	0.547
calibrated	19.68	51.924	26.95	0	0.0
calibrated	20.72	61.798	38.692	1	1.041
calibrated	17.7	62.437	41.476	0	0.0
calibrated	21.04	48.715	21.851	0	0.0
calibrated	21.66	68.547	45.945	1	1.476
calibrated	20.47	50.796	21.98	0	0.0
calibrated	17.9	64.128	45.748	0	0.0
calibrated	19.56	77.001	58.708	1	1.019
calibrated	19.15	60.428	37.695	0	0.0
calibrated	30.69	73.857	45.666	1	5.74
calibrated	31.79	57.459	28.135	1	5.186
calibrated	19.44	55.947	31.042	0	0.0
calibrated	26.06	49.05	18.892	1	1.759
calibrated	19.72	51.227	25.462	0	0.0
calibrated	19.9	52.904	25.662	0	0.0
calibrated	20.49	51.315	22.283	0	0.0
calibrated	18.26	60.793	38.77	0	0.0
calibrated	18.26	60.555	37.248	0	0.0
calibrated	16.93	76.184	63.182	0	0.0
calibrated	37.58	64.751	31.35	1	7.873
calibrated	19.08	59.016	36.027	0	0.0
calibrated	22.53	54.074	26.539	1	1.225
calibrated	16.75	80.087	64.933	0	0.0
calibrated	20.95	57.398	34.541	1	0.786
calibrated	19.51	52.531	30.42	0	0.0
calibrated	25.67	47.583	13.971	0	0.0
calibrated	21.96	48.892	18.667	0	0.0
calibrated	18.11	56.2	36.472	0	0.0
calibrated	24.31	48.746	17.168	0	0.0
calibrated	17.36	65.461	50.615	0	0.0
calibrated	20.36	50.881	23.015	0	0.0
calibrated	28.33	54.317	23.121	1	3.074
calibrated	18.88	80.336	62.075	1	0.923
calibrated	17.95	64.879	45.134	0	0.0
calibrated	21.9	48.376	17.593	0	0.0
calibrated	20.37	55.837	33.502	1	0.574
calibrated	23.25	52.68	24.121	1	1.3
calibrated	17.17	71.254	51.54	0	0.0
calibrated	23.35	65.149	40.661	1	2.126
calibrated	18.36	61.963	40.502	0	0.0
calibrated	24.39	47.595	14.929	0	0.0
calibrated	26.37	50.462	20.379	1	1.984
calibrated	18.12	66.247	46.821	0	0.0
calibrated	20.84	56.104	31.117	1	0.843
calibrated	28.09	51.015	19.771	1	2.07
calibrated	18.15	61.779	39.596	0	0.0
calibrated	19.62	51.188	28.359	0	0.0
calibrated	18.65	58.692	33.522	0	0.0
calibrated	17.72	68.092	48.739	0	0.0
calibrated	38.9	66.416	33.4	1	8.909
calibrated	17.78	62.248	43.745	0	0.0
calibrated	24.32	60.196	34.518	1	2.437
calibrated	18.04	63.555	41.806	0	0.0
calibrated	17.31	72.842	55.587	0	0.0
calibrated	26.04	74.315	48.614	1	3.901
calibrated	29.46	72.444	46.565	1	5.471
calibrated	21.94	48.737	16.761	0	0.0
calibrated	20.44	51.863	24.151	0	0.0
calibrated	32.33	53.701	22.306	1	4.076
calibrated	19.54	49.779	23.331	0	0.0
calibrated	18.81	56.723	33.282	0	0.0
calibrated	28.11	49.988	20.017	1	2.271
calibrated	37.59	58.984	27.238	1	7.624
calibrated	17.77	64.429	42.255	0	0.0
calibrated	19.23	51.116	29.115	0	0.0
calibrated	25.59	59.57	33.615	1	2.743
calibrated	20.82	52.834	26.447	0	0.0
calibrated	17.05	73.685	57.381	0	0.0
calibrated	23.98	46.958	16.572	1	0.382
calibrated	37.8	51.853	17.015	1	5.726
calibrated	18.11	66.423	44.542	0	0.0
calibrated	23.41	48.27	17.41	1	0.503
calibrated	33.51	49.013	13.534	1	2.848
calibrated	27.89	62.743	34.449	1	3.945
calibrated	20.72	54.785	28.462	1	0.425
calibrated	19.51	52.481	26.236	0	0.0
calibrated	23.69	52.488	23.579	1	0.806
calibrated	18.05	59.957	36.591	0	0.0
calibrated	36.03	44.846	15.278	1	5.26
calibrated	47.88	49.295	15.193	1	9.866
calibrated	23.56	49.634	16.65	0	0.0
calibrated	17.52	65.703	45.267	0	0.0
calibrated	23.63	46.102	14.957	0	0.0
calibrated	18.65	60.443	37.573	0	0.0
calibrated	36.87	49.108	13.351	1	4.497
calibrated	19.36	52.964	27.221	0	0.0
calibrated	18.33	57.982	37.395	0	0.0
calibrated	21.48	48.284	25.614	1	0.74
calibrated	28.23	67.756	40.975	1	4.406
calibrated	33.29	71.176	40.824	1	6.643
calibrated	18.33	60.631	38.904	0	0.0
calibrated	21.38	56.143	29.624	1	0.837
calibrated	21.1	50.575	21.441	0	0.0
calibrated	60.45	53.136	16.977	1	17.156
calibrated	16.77	75.03	59.377	0	0.0
calibrated	22.1	55.544	32.012	1	1.258
calibrated	25.86	52.924	23.458	1	1.778
calibrated	18.69	59.045	34.778	0	0.0
calibrated	29.95	60.11	31.468	1	4.575
calibrated	17.07	75.267	59.754	0	0.0
calibrated	22.4	54.167	29.073	1	0.923
calibrated	25.05	64.872	37.425	1	2.723
calibrated	19.77	70.681	51.272	1	0.995
calibrated	26.4	49.617	20.405	1	2.168
calibrated	18.04	59.365	39.775	0	0.0
calibrated	24.52	44.015	13.752	0	0.0
calibrated	27.85	50.688	20.469	1	2.105
calibrated	17.22	72.873	56.968	0	0.0
calibrated	19.99	50.576	25.985	0	0.0
calibrated	19.25	77.438	60.994	1	0.905
calibrated	23.0	68.19	44.316	1	2.219
calibrated	20.38	50.72	24.719	0	0.0
calibrated	23.88	79.793	58.41	1	3.353
calibrated	20.68	54.596	31.172	1	0.668
calibrated	30.09	50.959	17.714	1	2.933
calibrated	27.3	47.31	15.045	1	1.416
calibrated	21.94	48.483	17.473	0	0.0
calibrated	17.21	69.693	53.904	0	0.0
calibrated	18.36	61.206	38.426	0	0.0
calibrated	41.12	63.223	26.654	1	9.27
calibrated	19.7	56.115	33.343	1	0.4
calibrated	18.89	54.607	30.289	0	0.0
calibrated	24.15	79.15	56.658	1	3.282
calibrated	20.02	54.142	25.125	0	0.0
calibrated	16.79	76.746	60.749	0	0.0
calibrated	19.74	54.39	25.794	0	0.0
calibrated	22.03	55.056	30.93	1	1.272
calibrated	17.62	62.233	43.517	0	0.0
calibrated	18.14	58.056	37.187	0	0.0
calibrated	21.91	47.77	20.687	0	0.0
calibrated	16.95	75.475	59.61	0	0.0
calibrated	25.32	48.854	17.665	1	1.132
calibrated	18.07	58.999	35.471	0	0.0
calibrated	21.21	52.719	26.044	1	0.692
calibrated	20.31	68.576	48.267	1	1.174
calibrated	22.72	59.008	33.248	1	1.535
calibrated	27.44	46.568	14.054	1	1.514
calibrated	18.96	59.013	33.786	0	0.0
calibrated	25.11	57.504	32.346	1	2.385
calibrated	24.23	56.752	31.875	1	1.789
calibrated	30.56	48.96	20.307	1	3.772
calibrated	18.23	57.646	35.792	0	0.0
calibrated	18.14	64.839	45.328	1	0.27
calibrated	17.54	65.787	45.827	0	0.0
calibrated	19.33	56.371	35.002	1	0.312
calibrated	32.11	50.835	20.756	1	4.154
calibrated	23.15	51.594	17.705	0	0.0
calibrated	19.9	53.503	26.483	0	0.0
calibrated	28.45	47.608	19.853	1	2.562
calibrated	18.85	58.102	36.854	1	0.303
calibrated	24.6	58.398	31.553	1	2.118
calibrated	21.19	57.137	29.042	1	0.624
calibrated	21.83	51.452	17.138	0	0.0
calibrated	20.69	49.917	19.514	0	0.0
calibrated	17.2	74.109	57.373	0	0.0
calibrated	23.5	65.217	40.079	1	2.02
calibrated	18.63	68.068	50.497	1	0.391
calibrated	44.91	48.863	10.693	1	5.984
calibrated	21.62	52.37	24.345	0	0.0
calibrated	19.79	53.45	25.817	0	0.0
calibrated	17.11	73.88	57.449	0	0.0
calibrated	18.9	56.722	32.452	0	0.0
calibrated	25.63	46.083	18.108	1	1.519
calibrated	17.78	79.797	64.325	1	0.263
calibrated	18.19	60.823	36.718	0	0.0
calibrated	20.25	63.664	40.556	1	0.885
calibrated	17.03	72.85	56.336	0	0.0
advanced	23.86	50.354	16.74	1	0.406
advanced	19.72	50.9	24.722	0	0.0
advanced	23.91	44.735	14.601	0	0.0
advanced	26.89	43.561	11.218	0	0.0
advanced	26.53	46.057	12.509	0	0.0
advanced	28.07	44.989	10.911	1	0.474
advanced	21.11	47.738	20.709	0	0.0
advanced	24.61	46.41	14.079	0	0.0
advanced	20.46	50.15	19.351	0	0.0
advanced	27.85	48.403	11.603	1	0.198
advanced	24.75	46.701	11.951	0	0.0
advanced	26.42	46.285	10.377	0	0.0
advanced	30.24	43.281	11.611	1	1.764
advanced	52.32	45.688	7.296	1	6.538
advanced	33.59	47.476	9.807	1	1.715
advanced	25.22	47.204	16.461	1	0.774
advanced	27.14	47.117	12.238	0	0.0
advanced	31.64	43.016	11.438	1	1.863
advanced	26.74	47.026	11.901	0	0.0
advanced	33.66	46.929	9.901	1	1.6
advanced	21.32	48.979	20.241	1	0.279
advanced	29.12	49.212	17.489	1	2.374
advanced	21.8	47.742	17.573	0	0.0
advanced	43.34	52.823	16.833	1	7.572
advanced	26.14	45.545	11.393	0	0.0
advanced	26.02	45.502	12.884	1	0.237
advanced	29.37	46.079	13.365	1	2.105
advanced	24.97	47.393	15.368	1	0.41
advanced	26.71	47.202	11.553	0	0.0
advanced	26.75	47.605	11.512	0	0.0
advanced	42.62	49.452	14.967	1	7.403
advanced	21.14	51.357	24.323	1	0.274
advanced	30.24	47.094	10.002	1	0.573
advanced	39.91	47.525	8.938	1	2.989
advanced	26.48	48.156	11.001	0	0.0
advanced	37.44	47.008	8.838	1	2.407
advanced	26.2	47.63	12.67	0	0.0
advanced	26.37	46.676	10.123	0	0.0
advanced	21.13	45.271	15.917	0	0.0
advanced	22.55	46.852	15.259	0	0.0
advanced	28.96	42.376	10.044	1	0.542
advanced	26.54	46.858	11.152	0	0.0
advanced	37.83	47.736	13.437	1	4.675
advanced	24.92	46.765	13.52	0	0.0
advanced	23.26	47.787	17.241	1	0.5
advanced	37.53	50.518	18.072	1	5.525
advanced	26.66	48.795	14.327	0	0.0
advanced	21.39	48.413	21.478	0	0.0
advanced	31.88	46.789	13.496	1	2.8
advanced	22.05	51.805	24.343	1	0.75
advanced	26.71	47.144	12.823	0	0.0
advanced	23.83	47.788	15.027	0	0.0
advanced	49.74	45.687	11.309	1	9.28
advanced	26.26	46.576	10.419	0	0.0
advanced	25.88	44.478	15.965	1	1.233
advanced	24.21	43.904	15.703	1	0.719
advanced	22.29	47.418	18.608	0	0.0
advanced	59.95	50.559	12.018	1	13.887
advanced	52.49	50.616	15.181	1	11.428
advanced	25.44	49.463	14.166	0	0.0
